temp_huan1,temp_21#bellow_sul,temp_20#bellow_sul,temp_24#bellow_nor,temp_23#bellow_nor,temp_22#bellow_nor,temp_21#bellow_nor,temp_20#bellow_nor,prequency_fan_2,pressure_flue_sul,pressure_flue_nor,temp_flue_nor,thickness,hun2_water,hun2_waterq,zhonghe,fankuang,SS_FeO_value,SS_FeO_value.1,SS_FeO_value.2
345.4,441.0,428.0,455.0,500.4,482.0,469.8,401.8,5.811,-14.09,-14.032,149.8,779.0152,5.8228,59.8448,0.598888493,0.247457186,0.0,0.0,9.35
345.4,441.0,428.0,455.0,500.4,482.0,469.8,368.0,5.811,-14.09,-14.032,149.8,779.0152,5.8228,59.8448,0.598888493,0.247457186,0.0,0.0,0.0
351.4,431.4,410.4,461.6,515.4,504.6,508.0,456.6,6.3498,-13.7046,-13.7786,153.4,786.618,5.9874,59.9588,0.594965263,0.250112212,0.0,0.0,0.0
353.0,429.4,406.0,465.8,518.4,505.8,508.0,449.4,6.2692,-13.686,-13.72,153.6,786.618,6.0386,59.9588,0.595685601,0.248733045,0.0,0.0,0.0
354.4,428.2,402.8,470.0,521.8,507.6,507.8,445.0,6.171,-13.683,-13.6916,153.6,783.1828,6.0678,59.9618,0.594706341,0.248843872,9.35,9.35,9.2
355.8,427.0,399.6,474.2,525.2,509.2,507.6,440.6,6.0728,-13.68,-13.6632,153.6,779.7476,6.097,59.9648,0.59372708,0.248954699,0.0,0.0,0.0
356.2,427.0,400.4,476.0,528.2,510.8,507.0,438.2,5.9394,-13.68,-13.6446,153.8,782.678,6.0744,59.9444,0.592990336,0.249559843,0.0,0.0,0.0
356.6,428.4,401.2,477.8,529.2,511.0,506.2,435.8,5.806,-13.68,-13.626,154.0,785.6084,6.0518,59.924,0.592253591,0.250164988,0.0,0.0,0.0
356.6,429.6,403.2,476.0,528.2,511.2,505.8,433.4,5.9372,-13.678,-13.628,153.8,788.9134,5.9786,59.8946,0.593231216,0.249824144,9.2,9.2,9.2
357.6,430.2,404.0,475.4,527.2,510.0,504.2,433.4,5.9878,-13.681,-13.629,154.0,788.5064,5.9252,59.8946,0.592406086,0.25154543,0.0,0.0,0.0
358.6,430.4,403.4,474.8,526.4,508.8,503.2,434.8,6.0384,-13.684,-13.63,154.2,792.43,5.8234,59.8448,0.592577751,0.252110713,0.0,0.0,0.0
359.6,430.0,402.2,474.2,526.4,507.8,503.6,437.6,6.0992,-13.684,-13.632,154.2,789.174,5.8578,59.7948,0.593311643,0.252023856,0.0,0.0,0.0
360.6,429.6,401.0,473.6,526.4,507.2,504.0,440.4,6.16,-13.684,-13.634,154.2,785.918,5.8922,59.7448,0.594045535,0.251937,9.2,9.2,9.28
361.4,429.2,399.4,474.0,527.0,506.8,504.4,444.0,6.0896,-13.686,-13.634,154.4,785.3482,5.9252,59.6862,0.593139606,0.253503673,0.0,0.0,0.0
361.0,429.4,399.4,474.0,527.4,507.2,505.6,444.8,6.1504,-13.6918,-13.634,153.8,784.1598,5.9948,59.6862,0.594491285,0.252718145,0.0,0.0,0.0
360.6,428.8,400.0,474.4,527.4,507.0,506.0,443.6,6.1906,-13.6966,-13.6252,153.4,783.1342,6.1026,59.5338,0.594493892,0.25340294,0.0,0.0,0.0
359.8,427.6,399.6,474.8,526.8,506.6,504.8,442.8,6.1672,-13.7074,-13.6076,153.4,778.6572,6.1554,59.5778,0.595145897,0.252214019,9.28,9.28,9.3
359.0,426.4,399.2,474.6,526.2,505.8,503.6,442.0,6.1438,-13.7182,-13.59,153.4,774.1802,6.2082,59.6218,0.595797902,0.251025098,0.0,0.0,0.0
357.8,426.4,400.0,474.4,525.4,504.8,502.4,441.8,6.1884,-13.727,-13.5744,153.0,767.7332,6.2192,59.5252,0.596344485,0.250137,0.0,0.0,0.0
356.6,426.4,403.6,473.4,524.2,503.8,501.6,442.2,6.1356,-13.728,-13.5686,153.2,769.3286,6.1702,59.5252,0.59627727,0.250450955,0.0,0.0,0.0
355.4,430.4,408.0,472.0,523.2,503.6,500.8,443.2,6.1034,-13.73,-13.5716,153.2,766.4306,6.1314,59.7274,0.596562331,0.25045059,9.3,9.3,9.18
353.4,436.0,415.4,470.0,521.8,503.4,500.2,444.0,6.1458,-13.728,-13.5892,152.8,766.8212,6.1196,59.7714,0.59725191,0.250297622,0.0,0.0,0.0
351.2,441.2,422.8,467.2,519.0,502.8,498.6,445.8,6.2424,-13.724,-13.6146,152.6,766.6584,6.0918,59.8154,0.596273528,0.251720793,0.0,0.0,0.0
349.4,445.2,429.0,464.4,516.4,502.2,497.0,447.0,6.271,-13.722,-13.638,152.8,768.4656,6.1058,60.0,0.595400568,0.252843143,0.0,0.0,0.0
348.2,448.6,430.6,461.0,513.6,500.6,495.2,449.0,6.3442,-13.7288,-13.6498,152.6,770.5496,6.105,60.0,0.596087718,0.251864995,9.18,9.18,9.1
347.0,449.2,432.2,457.6,510.8,498.6,493.6,451.0,6.4174,-13.7356,-13.6616,152.4,772.6336,6.1042,60.0,0.596774867,0.250886848,0.0,0.0,0.0
347.4,447.0,429.4,454.8,509.0,496.6,493.4,452.8,6.3376,-13.7424,-13.6674,152.2,770.6474,6.0764,60.0,0.596369619,0.251482932,0.0,0.0,0.0
348.8,445.2,424.8,454.8,508.6,496.4,494.2,452.8,6.2036,-13.7502,-13.6714,151.8,769.2146,6.0646,60.0,0.597632332,0.250502878,0.0,0.0,0.0
350.2,442.8,420.2,454.8,509.4,496.8,495.6,452.8,6.0696,-13.758,-13.6754,151.4,768.6284,6.063,60.0,0.598894656,0.248716804,9.1,9.1,9.14
351.8,441.2,417.0,456.8,511.0,498.2,497.0,451.6,5.9378,-13.7532,-13.686,151.2,765.7794,6.0212,60.0,0.599134641,0.248518689,0.0,0.0,0.0
353.4,439.6,413.8,458.8,512.6,499.6,498.4,450.4,5.806,-13.7484,-13.6966,151.0,762.9304,5.9794,60.0,0.599374627,0.248320573,0.0,0.0,0.0
354.8,438.8,412.2,460.8,513.4,501.0,498.6,448.0,5.806,-13.7396,-13.7074,151.0,761.3838,5.9692,60.0,0.598702855,0.248587458,0.0,0.0,0.0
354.4,438.0,412.6,461.8,514.2,500.8,498.8,444.4,5.948,-13.7338,-13.7102,151.0,765.6818,5.9524,60.0,0.599519463,0.247638821,9.14,9.14,9.3
354.0,437.8,413.0,462.8,513.8,499.6,497.8,440.8,6.09,-13.728,-13.713,151.0,769.1332,5.9254,60.0,0.60033646,0.247496203,0.0,0.0,0.0
352.8,437.8,413.6,464.0,513.2,498.4,496.0,437.0,6.2314,-13.7202,-13.716,151.0,764.3468,5.9628,60.0,0.599989668,0.247971182,0.0,0.0,0.0
351.6,437.8,414.2,465.2,512.6,497.4,494.2,433.2,6.3728,-13.7124,-13.719,151.0,759.5604,6.0002,60.0,0.599642875,0.248446161,0.0,0.0,0.0
349.6,437.0,412.4,465.8,512.0,496.8,493.0,435.2,6.3728,-13.7096,-13.719,151.0,763.598,5.9788,60.0,0.600575,0.24781888,9.3,9.3,9.3
348.6,436.2,410.4,466.0,511.4,496.6,491.8,439.2,6.2308,-13.7048,-13.721,151.0,761.791,5.964,60.0,0.600018744,0.248407121,0.0,0.0,0.0
348.0,436.2,410.6,462.2,510.0,496.0,491.6,445.0,6.1642,-13.693,-13.7074,151.0,763.7446,5.9816,60.0,0.599258465,0.249403686,0.0,0.0,0.0
347.6,436.2,410.6,457.6,508.2,495.4,492.0,451.2,6.0982,-13.686,-13.6898,151.0,772.2102,6.0234,60.0,0.599506376,0.249144357,0.0,0.0,0.0
347.2,436.0,410.4,453.6,507.8,496.4,493.6,456.0,6.014,-13.679,-13.6614,151.0,776.0686,6.0856,60.0,0.598307804,0.250376665,9.3,9.3,9.22
347.6,437.0,412.4,450.2,507.8,497.0,494.8,456.4,6.0712,-13.672,-13.635,151.0,775.222,6.1684,60.0,0.596880524,0.252037772,0.0,0.0,0.0
348.0,438.2,414.0,448.2,508.4,497.8,496.4,455.8,6.1246,-13.6622,-13.5998,151.4,772.324,6.2256,60.0,0.598277642,0.250489324,0.0,0.0,0.0
347.0,438.6,414.6,451.8,509.8,500.0,497.6,453.8,6.1436,-13.6544,-13.5822,151.6,767.7818,6.23,60.0,0.598388606,0.250052421,0.0,0.0,0.0
346.0,439.4,415.2,455.4,512.6,502.4,499.2,451.8,6.1626,-13.6466,-13.5646,151.8,763.2396,6.2044,60.0,0.598276343,0.249854372,9.22,9.22,9.2
345.0,440.4,416.0,458.4,514.0,503.2,499.6,451.2,6.1998,-13.6388,-13.5578,152.0,763.3046,6.1584,60.0,0.599610562,0.248164685,0.0,0.0,0.0
344.8,443.2,420.0,461.6,515.6,504.0,500.2,451.6,6.2466,-13.633,-13.555,152.6,759.8206,6.0954,60.0,0.601307026,0.246195045,0.0,0.0,0.0
345.2,445.8,424.4,464.6,516.6,505.8,500.4,453.0,6.2972,-13.63,-13.561,152.8,758.388,6.058,60.0,0.600179092,0.247434959,0.0,0.0,0.0
346.6,449.8,430.4,466.0,519.2,507.0,501.8,454.0,6.3126,-13.632,-13.5708,152.8,755.6856,6.1312,60.0,0.599460073,0.248552918,9.2,9.2,9.22
347.6,453.0,436.4,467.4,521.0,508.4,503.2,455.0,6.328,-13.634,-13.5806,152.8,752.9832,6.2044,60.0,0.598741055,0.249670877,0.0,0.0,0.0
348.6,456.2,443.2,469.6,523.2,509.8,504.6,455.0,6.3046,-13.6428,-13.5904,153.0,752.674,6.274,60.0,0.598081525,0.250225303,0.0,0.0,0.0
348.8,458.0,446.8,471.6,525.2,511.6,506.2,454.0,6.2716,-13.6496,-13.5962,152.8,755.9138,6.3606,60.0,0.59705975,0.251059682,0.0,0.0,0.0
350.2,459.8,450.6,472.8,527.0,512.4,507.2,451.8,6.1998,-13.6506,-13.599,152.4,758.5186,6.4384,60.0,0.596667323,0.251938479,9.22,9.22,9.25
353.0,459.8,451.6,473.8,527.0,513.0,506.6,450.4,6.1236,-13.6496,-13.596,152.6,765.7958,6.3974,60.0,0.597002309,0.251354493,0.0,0.0,0.0
357.4,459.4,452.6,474.6,526.4,512.4,505.8,450.0,6.0644,-13.6448,-13.595,152.6,770.3216,6.3476,60.0,0.598200479,0.249953731,0.0,0.0,0.0
359.4,459.4,453.2,474.2,525.8,512.0,505.4,448.0,6.0264,-13.6332,-13.5882,152.6,769.4424,6.319,60.0,0.598086023,0.250212754,0.0,0.0,0.0
361.4,459.4,453.8,473.8,525.2,510.6,504.6,446.0,5.9884,-13.6216,-13.5814,152.6,774.0822,6.3256,60.0,0.598320003,0.249731287,9.25,9.25,9.29
362.6,458.8,452.8,472.6,524.2,508.8,503.4,444.2,6.0104,-13.6186,-13.5698,153.0,773.1868,6.2106,60.0,0.597669964,0.249582394,0.0,0.0,0.0
364.0,457.6,449.6,472.0,523.2,507.8,501.6,441.6,6.02,-13.608,-13.56,153.2,767.0654,6.2524,60.0,0.596535945,0.251097274,0.0,0.0,0.0
364.2,456.8,446.4,471.0,522.8,507.0,500.0,438.0,6.0126,-13.6012,-13.5482,153.6,763.6954,6.303,60.0,0.594538743,0.25342893,0.0,0.0,0.0
368.0,455.6,442.8,470.4,522.0,506.0,498.0,437.0,6.0228,-13.5944,-13.5422,153.8,763.3372,6.336,60.0,0.59379468,0.254664336,9.29,9.29,9.35
371.8,455.2,440.0,469.8,520.6,505.6,495.8,435.6,6.0492,-13.5954,-13.5324,154.2,763.7604,6.325,60.0,0.593003717,0.255790662,0.0,0.0,0.0
375.0,455.4,440.2,470.2,520.8,505.8,494.6,435.2,6.0544,-13.5936,-13.5304,154.4,770.3538,6.4444,60.0,0.592467427,0.256539997,0.0,0.0,0.0
376.6,457.6,442.6,470.2,521.2,506.4,495.0,434.8,6.069,-13.6022,-13.5314,154.6,772.34,6.3638,60.0,0.594187304,0.254208553,0.0,0.0,0.0
378.2,459.4,444.8,471.8,522.2,507.6,496.0,435.6,6.0654,-13.609,-13.5374,155.0,775.6938,6.2934,60.0,0.593564393,0.254285971,9.35,9.35,9.29
378.6,461.2,447.0,473.4,523.2,509.2,497.0,436.4,6.0618,-13.6158,-13.5434,155.4,779.0476,6.223,60.0,0.592941482,0.254363389,0.0,0.0,0.0
377.6,461.8,448.4,475.0,524.8,510.8,498.2,437.6,6.042,-13.6148,-13.5532,155.6,776.101,6.1614,60.0,0.592017035,0.255290376,0.0,0.0,0.0
374.6,461.0,447.2,475.8,525.2,511.8,500.0,439.4,5.995,-13.6148,-13.5668,155.6,771.0216,6.1298,60.0,0.593822615,0.253505567,0.0,0.0,0.0
370.0,460.2,448.0,477.0,526.2,512.2,501.0,443.0,5.9774,-13.612,-13.5728,155.2,774.1474,6.1166,60.0,0.592849514,0.25470539,9.29,9.29,9.2
365.4,459.8,449.0,477.2,526.6,512.6,501.4,445.4,5.978,-13.611,-13.5738,154.6,775.9056,6.0932,60.0,0.594219202,0.253496352,0.0,0.0,0.0
360.8,460.0,450.0,477.4,527.0,513.0,502.6,447.8,5.9304,-13.612,-13.5728,154.4,771.982,6.1378,60.0,0.595417728,0.251571091,0.0,0.0,0.0
357.8,461.2,453.0,477.8,527.4,513.4,504.2,450.0,5.9384,-13.6138,-13.5688,154.0,767.3584,6.1356,60.0,0.596660016,0.249797396,0.0,0.0,0.0
356.4,463.8,457.0,478.4,528.0,514.0,505.2,451.6,5.9736,-13.6146,-13.561,153.8,764.8676,6.1034,60.0,0.595172277,0.250735497,9.2,9.2,9.24
356.6,465.2,459.0,478.6,528.0,514.0,506.4,452.2,5.9744,-13.6234,-13.557,154.2,762.4582,6.1458,60.0,0.595044877,0.250170841,0.0,0.0,0.0
355.8,466.6,461.0,479.4,528.0,514.0,507.6,452.8,5.9752,-13.6322,-13.553,154.6,760.0488,6.1882,60.0,0.594917478,0.249606185,0.0,0.0,0.0
355.0,467.0,462.4,480.2,528.6,513.6,508.6,453.4,6.0916,-13.641,-13.5568,154.4,763.3212,6.1626,60.0,0.59496124,0.249757752,0.0,0.0,0.0
354.0,466.4,461.8,480.8,529.2,514.4,509.2,454.2,6.1524,-13.649,-13.5636,154.4,766.74,6.238,60.0,0.595511429,0.249514225,9.24,9.24,9.3
352.4,465.8,461.6,481.4,530.0,515.4,510.6,453.8,6.1612,-13.657,-13.5714,154.4,770.3542,6.3112,60.0,0.595043665,0.249981489,0.0,0.0,0.0
350.6,465.2,461.0,482.2,530.8,515.0,511.0,452.8,6.1846,-13.6618,-13.5832,154.0,772.4868,6.2344,60.0,0.595102826,0.250785947,0.0,0.0,0.0
349.8,464.6,460.4,482.4,531.6,514.6,511.4,451.8,6.208,-13.6666,-13.595,153.6,774.6194,6.1576,60.0,0.595161986,0.251590405,0.0,0.0,0.0
349.0,463.8,459.6,482.0,530.4,514.0,510.6,451.6,6.1348,-13.6656,-13.602,153.6,770.533,6.0808,60.0,0.594785222,0.252233136,9.3,9.3,9.32
349.0,463.0,457.8,481.4,529.8,512.4,509.8,452.0,6.0564,-13.6656,-13.604,153.6,769.0352,5.9498,60.0,0.594097545,0.253082495,0.0,0.0,0.0
349.6,461.0,456.2,480.8,528.6,510.8,508.0,452.6,6.066,-13.6576,-13.6148,153.4,764.6722,5.96,60.0,0.594643945,0.253108214,0.0,0.0,0.0
349.6,459.6,455.0,479.0,527.0,510.8,507.2,453.0,6.0484,-13.643,-13.607,153.2,761.4162,6.0984,60.0,0.595648042,0.250968645,0.0,0.0,0.0
349.4,458.6,455.2,476.2,523.4,509.6,505.6,453.4,6.0368,-13.6226,-13.604,153.0,762.4418,6.0984,60.0,0.595970474,0.249853564,9.32,9.32,9.4
349.8,458.4,456.6,474.2,522.2,507.8,504.0,453.6,6.0506,-13.599,-13.5796,152.8,764.5094,6.0984,60.0,0.598357667,0.247429964,0.0,0.0,0.0
350.2,458.2,459.0,472.4,520.4,506.4,502.4,453.2,6.0696,-13.5744,-13.5602,152.6,765.4538,6.154,60.0,0.599686246,0.245923723,0.0,0.0,0.0
352.6,459.0,459.8,469.6,518.4,504.8,500.8,451.8,6.0652,-13.557,-13.526,152.8,774.6194,6.0874,60.0,0.599767373,0.245892745,0.0,0.0,0.0
355.8,459.4,460.6,467.8,516.8,503.2,499.2,450.4,6.08,-13.5434,-13.5054,153.2,780.1872,6.0214,60.0,0.598863879,0.24768986,9.4,9.4,9.46
359.2,459.4,460.0,467.6,517.2,503.0,498.4,449.0,6.0682,-13.5326,-13.485,153.8,781.6524,6.0756,60.0,0.600069233,0.247070128,0.0,0.0,0.0
364.2,459.8,460.0,466.6,515.4,503.0,498.0,439.0,6.0206,-13.5298,-13.485,154.4,786.6342,6.126,60.0,0.599724134,0.247287577,0.0,0.0,0.0
368.4,460.6,460.0,465.6,513.6,500.0,494.6,429.0,5.981,-13.524,-13.48,155.2,790.7042,6.1208,60.0,0.600198374,0.246624567,0.0,0.0,0.0
367.0,462.6,461.0,466.0,513.0,497.0,490.6,423.2,5.942,-13.517,-13.478,155.4,784.9086,6.1494,60.0,0.600922188,0.246421949,9.46,9.46,9.45
365.0,464.8,463.0,467.4,513.4,495.6,487.4,419.2,5.8972,-13.512,-13.481,156.0,781.2944,6.1838,60.0,0.601505445,0.245828982,0.0,0.0,0.0
363.0,467.0,465.0,468.2,513.8,494.6,484.2,415.2,5.873,-13.51,-13.479,156.4,774.294,6.1976,60.0,0.600501856,0.24632589,0.0,0.0,0.0
359.6,468.6,466.2,469.2,515.2,494.2,481.8,422.8,5.8914,-13.5042,-13.472,156.2,768.954,6.2152,60.0,0.599419883,0.24745586,0.0,0.0,0.0
357.2,469.6,468.2,469.6,517.0,496.8,483.6,431.4,5.937,-13.5042,-13.4632,156.0,760.9768,6.194,60.0,0.596901765,0.250256674,9.45,9.45,9.25
358.4,469.6,470.2,469.6,518.2,499.6,486.2,437.8,5.9694,-13.5062,-13.4564,156.2,757.3138,6.1222,60.0,0.5951654,0.251234684,0.0,0.0,0.0
361.0,469.4,471.6,467.8,517.6,501.2,488.6,440.4,6.001,-13.5082,-13.4466,156.0,761.5304,6.046,60.0,0.595101215,0.251581746,0.0,0.0,0.0
363.6,469.2,473.0,466.0,517.0,502.2,491.0,443.0,6.0326,-13.5102,-13.4368,155.8,768.9542,6.0086,60.0,0.595196694,0.252231296,0.0,0.0,0.0
364.6,468.6,473.6,464.4,516.4,502.6,492.2,438.8,6.059,-13.512,-13.434,156.2,777.0942,5.9882,60.0,0.596751531,0.250430257,9.25,9.25,9.25
362.4,467.8,471.6,463.0,514.0,501.4,490.4,433.4,6.0084,-13.515,-13.435,156.4,781.0664,6.0022,60.0,0.596201777,0.251171304,0.0,0.0,0.0
360.2,467.0,469.6,461.6,511.6,500.2,488.6,428.0,5.9578,-13.518,-13.436,156.6,784.3224,6.003,60.0,0.599634064,0.248375613,0.0,0.0,0.0
354.6,465.2,465.6,460.8,510.0,497.2,485.6,426.0,5.96,-13.5218,-13.439,156.8,777.5174,6.0024,60.0,0.601534726,0.246601216,0.0,0.0,0.0
348.6,463.8,461.8,460.6,509.4,494.8,483.8,426.0,5.9804,-13.5296,-13.4438,156.8,770.4844,6.023,60.0,0.599642675,0.248035534,9.25,9.25,9.34
343.4,462.8,460.0,461.0,509.0,493.8,482.6,429.8,5.959,-13.5374,-13.4506,156.6,760.8468,6.0434,60.0,0.597436345,0.250462564,0.0,0.0,0.0
342.0,463.4,460.0,461.8,511.0,493.8,484.4,433.8,5.9794,-13.5412,-13.4604,156.4,758.5676,6.0404,60.0,0.6002858,0.246955883,0.0,0.0,0.0
340.2,464.8,461.0,463.2,513.8,494.8,487.2,437.4,6.0072,-13.5432,-13.475,156.0,757.0046,6.0506,60.0,0.599153214,0.24698594,0.0,0.0,0.0
339.0,467.6,463.8,465.4,517.2,498.2,490.4,441.2,6.0108,-13.556,-13.4934,155.8,752.153,6.0754,60.0,0.596758101,0.248352672,9.34,9.34,9.4
337.2,470.8,468.4,464.2,516.8,499.8,491.8,442.8,6.0094,-13.5618,-13.5042,156.0,745.641,6.0608,60.0,0.598378514,0.247576463,0.0,0.0,0.0
335.4,474.0,471.6,462.6,516.4,500.6,493.2,443.8,6.052,-13.5706,-13.511,156.2,741.4406,6.019,60.0,0.597028099,0.249068264,0.0,0.0,0.0
332.4,475.4,475.0,461.4,514.6,501.0,493.0,446.2,6.08,-13.5776,-13.5246,156.2,741.229,5.9882,60.0,0.596066579,0.251266242,0.0,0.0,0.0
331.4,476.0,477.4,458.4,512.0,500.2,491.8,449.6,6.0748,-13.5872,-13.5324,156.4,741.0174,5.9574,60.0,0.595105059,0.25346422,9.4,9.4,9.32
332.4,476.2,479.6,454.8,508.8,498.4,490.8,451.4,6.0476,-13.5832,-13.5324,156.4,744.0944,5.912,60.0,0.595406067,0.254325523,0.0,0.0,0.0
334.4,475.6,479.8,454.0,507.2,497.8,490.2,453.4,6.0072,-13.5822,-13.5382,156.2,745.1038,5.9126,60.0,0.595663782,0.253579865,0.0,0.0,0.0
337.0,475.0,480.6,451.2,504.2,496.0,489.2,456.0,6.0042,-13.5754,-13.545,156.0,743.2154,5.8754,60.0,0.597814893,0.251462386,0.0,0.0,0.0
339.2,475.0,481.2,448.0,501.6,494.2,488.6,457.2,6.0048,-13.5754,-13.5402,156.2,736.7848,5.855,60.0,0.59806206,0.25035951,9.32,9.32,9.3
339.2,474.6,481.8,446.8,500.8,492.6,489.0,458.0,6.0312,-13.5746,-13.5364,156.4,735.922,5.8902,60.0,0.597951757,0.250651624,0.0,0.0,0.0
339.2,474.2,482.4,445.6,500.0,491.0,489.4,458.8,6.0576,-13.5738,-13.5326,156.6,735.0592,5.9254,60.0,0.597841454,0.250943739,0.0,0.0,0.0
339.2,473.8,483.0,446.8,500.4,491.0,490.0,460.0,6.0642,-13.572,-13.5268,157.0,738.1524,5.9328,60.0,0.597551632,0.251777041,0.0,0.0,0.0
338.6,473.0,483.0,450.0,504.0,493.4,492.0,460.6,6.0334,-13.576,-13.52,157.4,738.1524,5.9818,60.0,0.596734284,0.25240131,9.3,9.3,9.28
339.8,471.6,482.8,454.6,508.0,496.2,494.8,462.0,6.0268,-13.572,-13.515,157.4,749.646,6.0982,60.0,0.594766178,0.254016917,0.0,0.0,0.0
341.6,470.6,482.6,458.4,510.2,499.2,496.6,463.2,6.054,-13.5728,-13.513,157.8,755.5718,6.159,60.0,0.59315554,0.254237533,0.0,0.0,0.0
342.0,469.8,482.2,460.0,510.2,500.2,497.8,463.2,6.09,-13.5678,-13.508,158.2,751.6972,6.1758,60.0,0.591914274,0.254440145,0.0,0.0,0.0
341.2,468.6,481.0,457.6,509.4,499.0,497.8,462.8,6.1202,-13.558,-13.4972,158.4,751.518,6.1634,60.0,0.592066406,0.253563022,9.28,9.28,9.2
341.0,467.4,479.6,456.0,507.4,496.6,497.0,463.8,6.1504,-13.5482,-13.4864,158.6,756.9066,6.1576,60.0,0.592678417,0.253456621,0.0,0.0,0.0
339.6,466.8,478.6,453.0,505.6,495.2,496.0,465.2,6.1652,-13.5356,-13.4776,159.2,750.183,6.0792,60.0,0.594174868,0.252419594,0.0,0.0,0.0
338.4,467.0,478.0,451.2,504.2,494.4,495.8,466.0,6.1,-13.5132,-13.46,159.6,744.2084,6.0176,60.0,0.596414951,0.251040337,0.0,0.0,0.0
338.2,466.8,478.0,451.6,506.2,495.6,497.0,466.8,6.026,-13.4966,-13.4454,160.0,748.0342,6.0,60.0,0.598285662,0.249679084,9.2,9.2,9.17
340.2,467.0,477.4,456.2,510.6,498.6,499.4,465.4,5.9674,-13.4828,-13.4396,160.8,747.1878,6.0176,60.0,0.5974034,0.250755532,0.0,0.0,0.0
344.2,466.8,476.2,461.0,514.8,502.6,501.6,461.4,5.9204,-13.4682,-13.4298,161.6,745.511,5.9984,60.0,0.597829547,0.250367363,0.0,0.0,0.0
347.6,466.6,474.8,465.8,518.4,505.0,503.2,456.2,5.9174,-13.4602,-13.4172,162.0,740.562,6.0174,60.0,0.597181804,0.250498458,0.0,0.0,0.0
351.8,466.4,472.8,469.2,520.4,506.4,503.2,451.0,5.9496,-13.4622,-13.4152,159.8,737.8758,6.0322,60.0,0.5967856,0.250236366,9.17,9.17,9.15
356.4,466.4,470.4,472.6,521.2,507.8,502.4,447.0,5.9818,-13.4642,-13.4132,157.6,735.1896,6.047,60.0,0.596389396,0.249974274,0.0,0.0,0.0
360.0,466.4,469.4,473.4,520.4,507.8,501.6,445.2,6.0242,-13.4692,-13.4102,155.0,735.3524,6.0352,60.0,0.597648239,0.248025098,0.0,0.0,0.0
361.0,467.6,469.6,473.4,520.0,506.8,500.8,443.6,6.1078,-13.472,-13.4132,152.4,736.3456,6.0602,60.0,0.597598675,0.247540539,0.0,0.0,0.0
362.0,469.2,469.4,473.8,520.0,506.6,499.8,441.6,6.0946,-13.4692,-13.421,152.6,741.5714,6.0206,60.0,0.597880433,0.247422592,9.15,9.15,9.24
362.0,470.0,469.4,474.4,521.2,506.6,499.6,440.2,6.0924,-13.4614,-13.424,155.2,743.7854,5.9684,60.0,0.597167019,0.248040062,0.0,0.0,0.0
363.2,470.0,469.6,474.0,520.4,506.2,498.8,440.4,6.0888,-13.4662,-13.4318,155.2,743.769,5.9162,60.0,0.59719397,0.247891519,0.0,0.0,0.0
364.4,470.0,469.8,473.6,519.6,503.8,498.0,440.6,6.0852,-13.471,-13.4396,155.2,741.0176,5.8978,60.0,0.596620335,0.248476709,0.0,0.0,0.0
365.6,469.6,469.4,469.2,518.0,501.4,497.2,440.8,6.0184,-13.4788,-13.4406,157.8,738.2662,5.8794,60.0,0.596046701,0.2490619,9.24,9.24,9.3
365.0,469.0,470.0,460.2,509.2,495.8,492.8,439.2,6.011,-13.4896,-13.4376,155.2,743.2804,5.8868,60.0,0.595159043,0.250028127,0.0,0.0,0.0
362.8,467.6,469.0,449.8,499.6,488.0,486.8,435.4,6.0402,-13.5042,-13.4356,155.2,749.6134,5.8972,60.0,0.59528989,0.249734661,0.0,0.0,0.0
359.2,467.0,467.8,440.4,492.0,479.4,481.4,430.0,6.0708,-13.5062,-13.4288,157.8,755.344,5.9428,60.0,0.595269888,0.25012513,0.0,0.0,0.0
355.6,466.4,463.4,430.4,483.2,473.0,476.0,423.4,6.0656,-13.5004,-13.422,157.8,761.9374,5.9752,60.0,0.595554997,0.250110985,9.3,9.3,9.48
352.0,464.0,459.2,424.2,474.4,466.6,469.0,417.8,6.0708,-13.4946,-13.42,155.2,768.5308,6.0076,60.0,0.595840106,0.250096839,0.0,0.0,0.0
350.2,461.4,454.4,422.2,472.4,461.4,465.8,414.4,6.0716,-13.4906,-13.421,155.2,768.1402,6.0392,60.0,0.597111094,0.249004331,0.0,0.0,0.0
350.8,457.8,447.6,420.8,470.2,458.4,463.0,413.6,6.1032,-13.4858,-13.422,152.6,766.4308,6.0678,60.0,0.597363577,0.249171517,0.0,0.0,0.0
351.6,454.2,440.8,419.6,468.0,456.0,460.2,412.8,6.1092,-13.4848,-13.421,150.0,764.347,6.059,60.0,0.599263388,0.247624146,9.48,9.48,9.6
352.4,450.6,437.2,419.0,467.0,453.6,457.4,413.2,6.151,-13.4916,-13.42,150.0,762.2632,6.0502,60.0,0.601163199,0.246076774,0.0,0.0,0.0
352.2,447.2,430.6,417.4,465.6,451.4,456.2,414.0,6.1458,-13.4964,-13.422,152.6,760.977,5.9996,60.0,0.600952607,0.245851781,0.0,0.0,0.0
352.0,443.8,424.0,415.8,464.2,451.0,455.0,414.8,6.1406,-13.5012,-13.424,155.2,758.5674,5.9556,60.0,0.601079046,0.245377525,0.0,0.0,0.0
350.2,442.2,421.0,415.0,463.8,450.4,455.0,415.2,6.068,-13.503,-13.425,157.8,756.4346,5.9578,60.0,0.602084706,0.244247121,9.6,9.6,9.6
348.4,440.8,417.6,413.6,463.4,450.4,455.2,414.8,6.0196,-13.503,-13.4348,160.4,757.509,5.9622,60.0,0.600853524,0.24491335,0.0,0.0,0.0
347.4,439.4,415.2,412.4,463.0,450.6,455.4,413.4,5.9726,-13.4962,-13.4358,160.4,761.5464,5.9848,60.0,0.599622342,0.245579578,0.0,0.0,0.0
347.4,439.6,415.8,412.2,463.0,450.6,455.6,411.6,5.9726,-13.4914,-13.4338,157.8,764.7862,6.0492,60.0,0.600501563,0.244923429,0.0,0.0,0.0
347.4,440.8,416.4,412.0,463.2,450.4,455.6,409.8,5.9726,-13.4866,-13.4318,155.2,768.026,6.1136,60.0,0.601380784,0.24426728,9.6,9.6,9.52
348.4,442.0,417.6,455.0,462.6,449.2,454.6,406.4,6.0094,-13.477,-13.4278,155.2,769.3772,6.0952,60.0,0.599888802,0.2463466,0.0,0.0,0.0
349.6,442.0,419.2,455.0,461.2,448.0,452.6,402.0,6.016,-13.4692,-13.4122,155.2,770.7284,6.0768,60.0,0.59839682,0.24842592,0.0,0.0,0.0
349.6,442.0,419.6,455.0,459.8,444.4,450.6,399.8,6.0044,-13.4644,-13.4074,155.2,772.3564,6.0622,60.0,0.597925858,0.249231555,0.0,0.0,0.0
349.6,441.8,420.0,455.0,458.4,440.8,444.0,397.6,5.9928,-13.4596,-13.4026,155.2,773.9844,6.0476,60.0,0.597454896,0.25003719,9.52,9.52,9.5
349.6,440.6,420.4,455.0,456.8,447.2,437.6,395.4,5.9812,-13.4548,-13.3978,155.2,775.6124,6.033,60.0,0.596983934,0.250842825,0.0,0.0,0.0
347.6,438.8,418.6,418.0,464.8,454.8,432.0,394.8,5.9584,-13.4478,-13.391,155.2,777.5986,6.052,60.0,0.59742645,0.24963678,0.0,0.0,0.0
345.4,438.0,416.8,426.8,473.6,462.4,427.2,396.0,5.9672,-13.437,-13.389,155.2,778.0708,6.0872,60.0,0.599681154,0.247274754,0.0,0.0,0.0
342.8,437.2,416.2,436.2,474.4,462.0,426.8,395.0,5.984,-13.4388,-13.385,157.6,779.0802,6.0858,60.0,0.599104859,0.24773716,9.5,9.5,9.52
340.2,436.6,415.6,445.6,475.2,467.2,431.0,394.0,6.0008,-13.4406,-13.381,160.0,780.0896,6.0844,60.0,0.598528564,0.248199566,0.0,0.0,0.0
337.6,436.8,416.2,451.0,481.0,462.6,437.8,394.0,6.0316,-13.4454,-13.378,162.4,777.4686,6.0572,60.0,0.597835858,0.248430352,0.0,0.0,0.0
336.8,437.6,418.4,449.2,478.0,460.8,444.8,394.0,6.028,-13.466,-13.383,161.8,773.1382,6.0704,60.0,0.59834054,0.248351845,0.0,0.0,0.0
336.4,438.4,420.6,447.4,475.0,459.0,451.8,394.0,6.0244,-13.4866,-13.388,161.2,770.3218,6.0674,60.0,0.597033033,0.249429321,9.52,9.52,9.6
336.8,439.6,421.8,446.6,481.6,468.4,455.4,395.0,6.0296,-13.4984,-13.393,160.8,766.7402,6.068,60.0,0.597620321,0.249065967,0.0,0.0,0.0
338.4,440.8,422.8,446.0,489.2,473.0,460.2,397.6,6.0618,-13.5132,-13.4078,160.2,763.1586,6.0686,60.0,0.59820761,0.248702612,0.0,0.0,0.0
341.8,442.0,423.2,451.0,494.0,479.6,464.8,400.4,6.036,-13.5288,-13.4294,159.8,762.605,6.0884,60.0,0.599623967,0.2479153,0.0,0.0,0.0
346.6,443.6,424.4,454.4,499.6,483.6,469.8,403.4,6.0162,-13.5376,-13.4508,159.6,761.449,6.1046,60.0,0.598861048,0.248384664,9.6,9.6,9.58
352.6,446.6,427.6,457.8,505.2,487.6,475.0,404.6,5.9942,-13.5474,-13.4712,159.0,769.1332,6.1296,60.0,0.599492466,0.247793346,0.0,0.0,0.0
358.6,449.2,430.8,460.2,509.2,490.6,479.2,405.8,5.9722,-13.5572,-13.4916,158.4,773.8056,6.1656,60.0,0.600039068,0.24709211,0.0,0.0,0.0
362.6,452.0,435.0,462.0,511.4,492.2,481.4,403.8,6.0302,-13.566,-13.5042,158.0,772.3404,6.1796,60.0,0.598711018,0.248463843,0.0,0.0,0.0
364.8,454.0,438.6,462.2,511.4,491.8,481.2,400.6,6.1322,-13.571,-13.509,157.4,771.4776,6.2002,60.0,0.59667031,0.250491154,9.58,9.58,9.55
365.6,455.6,441.4,461.8,510.6,490.0,480.6,397.2,6.237,-13.574,-13.51,157.0,774.1802,6.187,60.0,0.596189995,0.251503439,0.0,0.0,0.0
364.4,455.0,440.4,461.0,508.4,488.2,478.6,395.4,6.2692,-13.5788,-13.509,157.0,767.2286,6.1614,60.0,0.595422875,0.252462451,0.0,0.0,0.0
364.8,454.4,438.0,459.4,506.2,485.2,476.6,392.8,6.3014,-13.5836,-13.508,157.0,760.277,6.1358,60.0,0.594655756,0.253421463,0.0,0.0,0.0
368.0,451.8,433.4,458.4,504.0,482.2,474.4,392.0,6.228,-13.5816,-13.508,156.6,756.7604,6.1146,60.0,0.596677316,0.251183723,9.55,9.55,9.55
370.6,449.2,428.4,457.8,502.2,479.6,472.4,391.8,6.148,-13.5864,-13.5148,156.2,755.8486,6.0626,60.0,0.598124216,0.249408293,0.0,0.0,0.0
372.2,446.6,423.8,457.6,500.4,478.6,470.4,392.6,6.0124,-13.595,-13.5226,155.6,761.9048,6.0004,60.0,0.600193289,0.247251765,0.0,0.0,0.0
374.2,445.8,421.0,457.8,500.6,478.4,470.2,393.6,5.9516,-13.6008,-13.5334,155.0,768.775,5.9418,60.0,0.601154829,0.246209194,0.0,0.0,0.0
375.2,446.6,421.4,458.4,500.6,479.4,470.4,396.4,5.9186,-13.6116,-13.556,154.8,771.3634,5.8948,60.0,0.602988308,0.244321964,9.55,9.55,9.39
374.2,449.2,423.2,458.0,501.4,481.2,471.6,399.0,5.8842,-13.6272,-13.5756,155.0,776.6544,5.8654,60.0,0.603907758,0.243558516,0.0,0.0,0.0
373.2,452.2,426.2,457.2,501.0,482.6,472.4,401.4,5.885,-13.631,-13.5884,155.0,775.4172,5.9086,60.0,0.603461794,0.244316538,0.0,0.0,0.0
371.4,455.2,427.6,455.2,499.6,483.0,473.2,404.8,5.9406,-13.6292,-13.6012,154.8,771.6728,5.951,60.0,0.602345869,0.245107687,0.0,0.0,0.0
369.6,457.0,429.0,453.2,497.6,482.0,472.6,408.2,5.9962,-13.6274,-13.614,154.6,767.9284,5.9934,60.0,0.601229945,0.245898835,9.39,9.39,9.35
365.0,458.4,429.8,450.4,495.2,481.4,471.8,411.8,6.0116,-13.6264,-13.609,153.8,762.377,6.077,60.0,0.598943993,0.248575383,0.0,0.0,0.0
361.2,458.4,430.8,450.6,496.0,481.8,474.0,413.6,6.0586,-13.6294,-13.604,153.2,767.3262,6.1414,60.0,0.597438002,0.250138522,0.0,0.0,0.0
358.4,457.4,430.4,452.6,498.8,484.0,477.0,412.0,6.0344,-13.6402,-13.5912,152.8,770.0612,6.1268,60.0,0.596652495,0.250266891,0.0,0.0,0.0
357.6,456.4,430.6,456.8,502.6,487.0,480.0,404.4,6.0426,-13.649,-13.5892,152.8,768.3354,6.1232,60.0,0.595914776,0.250743231,9.35,9.35,9.43
356.8,455.6,430.8,461.0,507.0,489.8,482.8,396.8,6.0508,-13.6578,-13.5872,152.8,766.1864,6.1092,60.0,0.597545003,0.24970711,0.0,0.0,0.0
358.4,453.8,429.8,467.8,511.8,492.0,483.8,387.4,6.0178,-13.6618,-13.596,152.6,768.2866,6.0468,60.0,0.597164459,0.249092173,0.0,0.0,0.0
359.8,453.4,429.8,473.0,515.2,493.8,481.6,383.8,5.9482,-13.6558,-13.6028,152.4,768.189,6.0044,60.0,0.597862145,0.24772095,0.0,0.0,0.0
359.4,456.2,432.2,476.6,518.0,495.4,481.4,383.4,5.982,-13.648,-13.6106,152.0,774.4732,6.0666,60.0,0.598124511,0.247975402,9.43,9.43,9.39
358.8,459.0,435.2,479.6,520.8,497.6,481.2,387.0,5.9842,-13.644,-13.6066,151.6,780.7574,6.1288,60.0,0.598386877,0.248229855,0.0,0.0,0.0
357.0,462.8,440.2,482.6,523.4,500.6,482.6,391.2,5.9592,-13.644,-13.6026,151.4,774.1476,6.1758,60.0,0.596333067,0.248975251,0.0,0.0,0.0
354.8,466.8,446.4,484.8,525.8,503.8,485.6,398.6,5.9782,-13.6332,-13.5928,151.2,773.5778,6.1714,60.0,0.597784648,0.247815221,0.0,0.0,0.0
